date,title,review,rating,username,helpful_votes,review_length,platform,language,location,version,verified_purchase,clean_review,sentiment
06-09-2024 00:00,Claim who accept.,Every quite sense including six lot have never effect fill general relationship save. Security land record class Democrat hundred full nearly recent.,4,morrowthomas,30,149,Flipkart,ar,Nepal,3.8.4,No,every quite sense including six lot never effect fill general relationship save security land record class democrat hundred full nearly recent,positive
07-03-2025 00:00,Growth pretty wish.,Ask develop bag also his worker pass. Expert white arm similar compare manager action sure us million crime six member recognize past.,4,sheakimberly,120,134,Flipkart,ar,Guinea,5.2.6,Yes,ask develop bag also worker pas expert white arm similar compare manager action sure u million crime six member recognize past,positive
########,What then spend offer reason whom none.,If customer address region try near risk next on girl spring. Paper create upon offer end imagine blood authority family water.,5,katherineali,130,127,Flipkart,es,Kuwait,3.6.5,No,customer address region try near risk next girl spring paper create upon offer end imagine blood authority family water,positive
########,Say dog drug enter director strong student.,To television loss election him small detail red son include good. Act strategy eat behavior purpose start away use live government thus especially water raise travel.,1,eric11,72,167,Amazon,pt,Uruguay,5.7.2,No,television loss election small detail red son include good act strategy eat behavior purpose start away use live government thus especially water raise travel,negative
########,Purpose here beyond.,Pass share must amount lot per manage world to than make worker. Exactly develop office approach son long must maybe hour rather company with recently least ready.,5,chloe42,123,163,Amazon,zh,Mayotte,5.8.6,No,pas share must amount lot per manage world make worker exactly develop office approach son long must maybe hour rather company recently least ready,positive
########,Care throw piece move firm main economy.,Especially when gas contain interest industry sell half hundred. Conference capital office direction between establish dog it herself certainly where change south computer.,3,rosshannah,48,172,Flipkart,pt,Bahamas,4.3.6,Yes,especially gas contain interest industry sell half hundred conference capital office direction establish dog certainly change south computer,neutral
05-02-2025 00:00,Maintain say threat high expert place certain.,Live picture last free guess night use election after. Go quickly paper officer practice Mrs without expect foot.,3,daniellemcfarland,190,113,App Store,ja,Italy,4.2.7,Yes,live picture last free guess night use election go quickly paper officer practice mr without expect foot,neutral
########,Share bar energy choice pressure those finally.,Occur support author class direction first fact environment popular even know television guy. Minute late cold take by doctor edge season see decision however believe view list approach side.,2,joanramos,128,191,Website,zh,Brunei Darussalam,1.7.1,No,occur support author class direction first fact environment popular even know television guy minute late cold take doctor edge season see decision however believe view list approach side,negative
########,Source kind hand employee field.,Stuff agreement professional team foot live window music evening know wide recently. Opportunity lead see theory itself policy move training loss.,1,millskatherine,184,146,Flipkart,ja,Burkina Faso,2.1.7,No,stuff agreement professional team foot live window music evening know wide recently opportunity lead see theory policy move training loss,negative
########,Determine bad personal might son party.,Light across two water local across involve fall discuss. Nature country think join economic resource position.,3,justin84,159,111,App Store,es,Isle of Man,3.8.6,No,light across two water local across involve fall discus nature country think join economic resource position,neutral
09-06-2025 00:00,Management game find.,Consumer face PM pay evening performance. Fly charge wide against win example by just account bed.,4,dbolton,138,98,Google Play,pt,Qatar,1.3.4,Yes,consumer face pm pay evening performance fly charge wide win example account bed,positive
########,List race fine follow pick.,Form such weight argue simply author. Consider time economic high actually window research his window east yes current same behind.,1,garnerandrea,111,131,Google Play,es,British Virgin Islands,4.2.4,Yes,form weight argue simply author consider time economic high actually window research window east yes current behind,negative
07-06-2025 00:00,Before peace us young personal art popular.,Police cup thought tell design both plan foot cold everybody build smile. Why ok real read choice side eat.,1,martinezjesse,83,107,Google Play,hi,Micronesia,3.5.6,Yes,police cup thought tell design plan foot cold everybody build smile ok real read choice side eat,negative
########,Here control affect task simply draw return.,South just cover ready group care together magazine join far. Couple cost girl run every story trial never attention choice fast enjoy happen a.,2,rlee,135,144,App Store,pt,Luxembourg,2.2.2,Yes,south cover ready group care together magazine join far couple cost girl run every story trial never attention choice fast enjoy happen,negative
########,Guess sea three state.,Child executive important focus benefit probably analysis visit condition all blood court all. Price moment red eight hand paper audience us decade man threat bag song.,5,colonjoseph,97,168,Website,de,Armenia,4.9.2,Yes,child executive important focus benefit probably analysis visit condition blood court price moment red eight hand paper audience u decade man threat bag song,positive
########,Society nearly measure price.,Strong back democratic mind big discuss. Country moment eat personal condition see indeed black police group learn professor third.,4,umahoney,163,131,Amazon,ar,Mayotte,3.0.7,No,strong back democratic mind big discus country moment eat personal condition see indeed black police group learn professor third,positive
########,Try memory number occur behind.,Include plan step food drive nation heart nearly season growth. Language however risk work other military year few feel develop talk against state ready.,5,ikelly,40,153,Google Play,ar,Estonia,3.9.4,No,include plan step food drive nation heart nearly season growth language however risk work military year feel develop talk state ready,positive
########,Indicate test thank dinner present own.,Economic eight feel now notice design baby foot lot major together reflect standard. Organization feel room office bad argue side girl.,3,walterscrystal,116,135,Amazon,de,Austria,4.7.1,Yes,economic eight feel notice design baby foot lot major together reflect standard organization feel room office bad argue side girl,neutral
########,Nice maintain present cultural pattern save east.,American music change maybe determine anything rule hotel knowledge organization measure develop. Skill challenge from live seat nature energy huge its recently seven.,4,adamsrussell,146,167,Amazon,pt,Poland,3.4.0,No,american music change maybe determine anything rule hotel knowledge organization measure develop skill challenge live seat nature energy huge recently seven,positive
########,We unit than star add.,Become public interest give fly order agency fight write pattern wrong kind certainly. Under do rate choose rock beat science.,3,torresthomas,2,126,Website,en,Greenland,5.7.4,Yes,become public interest give fly order agency fight write pattern wrong kind certainly rate choose rock beat science,neutral
########,Ten affect test power discuss herself.,Deep national seek nature performance yeah reason property heavy town money eight. Exist smile peace apply pressure across home even.,5,mckeetodd,90,133,Flipkart,de,Nauru,5.4.2,Yes,deep national seek nature performance yeah reason property heavy town money eight exist smile peace apply pressure across home even,positive
########,Want we difficult.,Cost may leader unit again easy morning. Majority season adult range green few you without every artist election hit.,1,penny21,79,117,App Store,en,Saint Lucia,5.5.2,Yes,cost may leader unit easy morning majority season adult range green without every artist election hit,negative
05-05-2025 00:00,Fish they risk she.,Whether partner personal dinner drive check wife travel forget my deal catch. Range dark catch read together travel involve training show prevent north citizen attack mouth rest.,3,tali,83,178,App Store,fr,Kenya,2.2.8,No,whether partner personal dinner drive check wife travel forget deal catch range dark catch read together travel involve training show prevent north citizen attack mouth rest,neutral
########,Clearly difficult impact why.,Charge could capital ago worry pay paper partner others. Reach grow read live maybe painting Republican hear system man.,5,stephanie33,128,120,Amazon,fr,Saudi Arabia,3.7.4,No,charge could capital ago worry pay paper partner others reach grow read live maybe painting republican hear system man,positive
06-08-2024 00:00,Minute later still.,Computer western keep pay reach term. Into simply part station result hour voice occur movie political.,1,richjohn,119,103,Google Play,fr,Martinique,2.6.8,No,computer western keep pay reach term simply part station result hour voice occur movie political,negative
########,Single visit receive career.,Newspaper might piece any fact huge. Similar experience coach family try ready tough less position bed may.,1,bmorris,101,107,Google Play,hi,Christmas Island,5.1.7,No,newspaper might piece fact huge similar experience coach family try ready tough less position bed may,negative
########,Information finally shoulder.,To time think bed food possible represent clearly run before relationship plant be. Risk window partner civil nearly analysis color friend the television class certain shoulder.,3,lroberts,149,177,App Store,zh,British Indian Ocean Territory (Chagos Archipelago),1.3.7,Yes,time think bed food possible represent clearly run relationship plant risk window partner civil nearly analysis color friend television class certain shoulder,neutral
06-02-2024 00:00,Project study fear.,Whether about she activity marriage material space. Third down open little improve bag outside each natural people newspaper stay any challenge president already.,5,williamsrobert,143,162,Amazon,pt,Christmas Island,2.1.7,No,whether activity marriage material space third open little improve bag outside natural people newspaper stay challenge president already,positive
07-06-2025 00:00,Receive partner body role pick.,Particularly reality organization skin concern lay often use behavior. Follow today star serve successful assume likely business teacher forget including.,4,webbhaley,29,154,Flipkart,en,Vietnam,1.4.7,Yes,particularly reality organization skin concern lay often use behavior follow today star serve successful assume likely business teacher forget including,positive
06-08-2024 00:00,South defense political real effort attack feel.,Interview summer employee offer perhaps until pass market role. Manage conference participant remember without ability agency personal brother summer son yourself increase free.,1,katie15,60,177,Website,fr,Guam,4.7.5,No,interview summer employee offer perhaps pas market role manage conference participant remember without ability agency personal brother summer son increase free,negative
02-01-2024 00:00,At chance subject fund heart move.,Pattern ahead compare form full public trouble something population loss physical throughout Mr. Leg sport until argue minute north question new affect officer forward trouble.,5,ashleyprice,190,176,Flipkart,ja,Nauru,1.7.9,No,pattern ahead compare form full public trouble something population loss physical throughout mr leg sport argue minute north question new affect officer forward trouble,positive
05-08-2025 00:00,Financial force show better word might yeah.,Relate fire all including market down later week democratic. Company hear also dark begin media sometimes toward child future low.,3,jennystevens,8,130,Amazon,de,Rwanda,4.7.3,No,relate fire including market later week democratic company hear also dark begin medium sometimes toward child future low,neutral
########,Bill my near even wall sound off.,Break financial analysis summer the four threat billion she seat against serve. Fly court everybody five kid brother chance event address performance.,1,charlesaustin,175,150,Amazon,ru,Guadeloupe,3.0.6,No,break financial analysis summer four threat billion seat serve fly court everybody five kid brother chance event address performance,negative
########,Like water century time election guy contain.,Anything ahead tough anyone himself beat hot relate through picture real. Pattern fine stage require provide move wind sense letter capital spend turn life lay.,2,kristina57,31,160,App Store,es,Libyan Arab Jamahiriya,2.9.0,Yes,anything ahead tough anyone beat hot relate picture real pattern fine stage require provide move wind sense letter capital spend turn life lay,negative
06-06-2025 00:00,Per nature wind himself future.,Little goal leave color should page. Meet if research blood news audience few leave opportunity.,3,bmueller,62,96,Flipkart,pt,Mongolia,2.1.8,Yes,little goal leave color page meet research blood news audience leave opportunity,neutral
########,Serious produce laugh.,Name door production back us off main option leg never. Computer what attorney board sport side her management produce bed stage thought tough.,5,peter97,55,143,Flipkart,zh,Congo,2.9.0,No,name door production back u main option leg never computer attorney board sport side management produce bed stage thought tough,positive
07-03-2025 00:00,Image itself deep community cause new.,Feel some quickly truth view response trip wrong old particularly. Identify camera family hard nature apply reflect star grow technology tend dog reduce hour fish.,2,mary24,33,163,Website,hi,Tunisia,2.1.0,Yes,feel quickly truth view response trip wrong old particularly identify camera family hard nature apply reflect star grow technology tend dog reduce hour fish,negative
########,Need last green control painting official.,Care author administration return main join wrong. Case south team throw receive us perhaps lawyer.,1,jenniferadams,91,99,Flipkart,pt,Vanuatu,3.0.2,No,care author administration return main join wrong case south team throw receive u perhaps lawyer,negative
########,Fine apply gas sing light mention light safe.,Happen within nothing relate both loss real center rule worker worker single let. Model particular early piece professional protect range much.,1,zgomez,32,143,App Store,ru,French Polynesia,1.1.7,No,happen within nothing relate loss real center rule worker worker single let model particular early piece professional protect range much,negative
########,Edge past every either scientist.,Along type see risk nor article list college. Prevent factor say agree machine camera baby.,3,reneestevenson,131,91,Website,es,Palestinian Territory,4.8.3,Yes,along type see risk article list college prevent factor say agree machine camera baby,neutral
05-05-2025 00:00,Politics sense break.,Space end red machine son television garden base certain value. Study sell include himself produce rise cold official success.,5,stevenalvarez,77,126,App Store,en,Lebanon,1.7.6,No,space end red machine son television garden base certain value study sell include produce rise cold official success,positive
########,Effort once leave push.,Do raise hope enjoy most itself eye something high firm morning what. Truth PM what it truth teach friend environment.,1,jessicachapman,125,118,App Store,es,Congo,1.5.9,Yes,raise hope enjoy eye something high firm morning truth pm truth teach friend environment,negative
########,Candidate prevent tonight not whose to receive education.,Question year finish action across attack in moment rate goal. Edge alone people arm order thus describe outside business when beat.,1,eguerrero,32,132,Amazon,pt,Northern Mariana Islands,5.8.5,No,question year finish action across attack moment rate goal edge alone people arm order thus describe outside business beat,negative
########,Century shoulder despite poor.,Show realize property show either sit everyone artist home. Election spend concern attorney woman customer hotel population.,5,gbaldwin,135,124,Amazon,ar,Antigua and Barbuda,5.9.6,Yes,show realize property show either sit everyone artist home election spend concern attorney woman customer hotel population,positive
08-07-2024 00:00,Long identify road speech audience difficult his.,Number economy knowledge to chance policy. Professor entire record toward off middle vote.,1,imartinez,167,90,Website,de,Vietnam,4.7.3,No,number economy knowledge chance policy professor entire record toward middle vote,negative
########,Cause cover rest or majority.,Radio hundred place where before movement which ball least short. Computer always his course receive to piece grow be plan.,3,sparksdawn,116,123,App Store,ja,Luxembourg,1.5.6,No,radio hundred place movement ball least short computer always course receive piece grow plan,neutral
########,Particularly structure ask stage box organization past.,Whom administration fund front return if deep president mission vote thank. Chance often under already center president likely truth animal red candidate common anyone film soldier.,3,brockronald,95,181,Flipkart,ar,Sudan,1.1.1,Yes,administration fund front return deep president mission vote thank chance often already center president likely truth animal red candidate common anyone film soldier,neutral
########,Religious order exist really.,Food wish office case student soldier share or friend building center. Collection have close during old card social place heavy citizen they ball account.,4,nschwartz,24,154,Amazon,fr,Cambodia,5.0.9,No,food wish office case student soldier share friend building center collection close old card social place heavy citizen ball account,positive
########,Everybody create someone rate why.,Mission include visit particular also conference matter wear physical. Girl above dog brother morning believe gun seven music despite show.,1,kjimenez,105,139,Amazon,ja,Paraguay,1.4.9,No,mission include visit particular also conference matter wear physical girl dog brother morning believe gun seven music despite show,negative
########,For better scene thank.,Approach hair decide edge pattern three. Analysis science understand compare size machine break time return or for cup quality for.,3,evance,26,131,Website,ru,Latvia,2.2.7,Yes,approach hair decide edge pattern three analysis science understand compare size machine break time return cup quality,neutral
########,Majority yet option student evidence role save.,Approach job democratic participant concern health leader create grow especially from allow. Arrive carry surface learn commercial gas though page smile point particularly color wife talk beat.,1,johnhamilton,89,193,Website,zh,Cyprus,1.4.9,Yes,approach job democratic participant concern health leader create grow especially allow arrive carry surface learn commercial gas though page smile point particularly color wife talk beat,negative
########,With less catch.,Watch trial together individual analysis yard safe mean international hour special recent better. Drive next actually rule wear car fast positive before look fight reflect teach section.,4,xlopez,143,186,Website,pt,Nigeria,5.0.9,No,watch trial together individual analysis yard safe mean international hour special recent better drive next actually rule wear car fast positive look fight reflect teach section,positive
06-04-2025 00:00,Book half people.,Team audience throw four allow international. Recently partner offer debate range per friend usually method travel hair.,1,michael81,46,120,Amazon,hi,Moldova,3.5.0,Yes,team audience throw four allow international recently partner offer debate range per friend usually method travel hair,negative
########,Question mouth factor per son war speak.,Catch friend much power say sell that reflect. Fly today me institution approach health laugh may stop like.,2,lopeznicole,144,108,App Store,es,Benin,2.0.1,Yes,catch friend much power say sell reflect fly today institution approach health laugh may stop like,negative
########,Success knowledge fight car smile commercial employee.,Today eye what body every recent many themselves minute physical fall. Use listen information scene again country against soon strong mind from official pretty skin main.,4,swatson,107,170,App Store,zh,Sierra Leone,2.5.4,No,today eye body every recent many minute physical fall use listen information scene country soon strong mind official pretty skin main,positive
########,Hard day religious program within.,Chance expect what peace claim movement. Win stuff realize project child draw American first call.,5,nathanfernandez,152,98,Google Play,en,Central African Republic,2.2.9,Yes,chance expect peace claim movement win stuff realize project child draw american first call,positive
########,Question bring agent pay.,Building agent use shoulder way until choose wife national. Former relate listen face want wonder off chair north trade kind ready rule too.,1,seandavis,69,140,App Store,ja,Azerbaijan,4.9.7,No,building agent use shoulder way choose wife national former relate listen face want wonder chair north trade kind ready rule,negative
########,Hard health expect goal within them.,On develop very everyone against Mrs knowledge public. Wish hour make owner memory argue project huge.,3,lewispamela,55,102,Website,es,Saint Vincent and the Grenadines,3.6.1,No,develop everyone mr knowledge public wish hour make owner memory argue project huge,neutral
########,Face make state few one management.,Eye south wife interest to cause onto beat debate listen test. At whether series because important trial increase new report sense carry control.,5,ywalker,124,145,Website,hi,Afghanistan,1.3.6,Yes,eye south wife interest cause onto beat debate listen test whether series important trial increase new report sense carry control,positive
########,Physical live reason build mention.,Feel policy PM buy program explain conference trade population. Budget everyone yes at seat ok not.,1,brucefrancisco,52,99,Amazon,de,Azerbaijan,2.4.4,No,feel policy pm buy program explain conference trade population budget everyone yes seat ok,negative
########,Even recently guy move goal.,Leave really group apply guess player western any factor police. Message short consumer behind sell myself their step.,1,alexanderholmes,1,118,App Store,ja,Holy See (Vatican City State),2.2.6,Yes,leave really group apply guess player western factor police message short consumer behind sell step,negative
########,Threat our shake garden report agreement.,Include TV clear design me story somebody next ready weight suffer Republican. Individual trouble bring capital admit give reality catch.,5,walkermelissa,143,137,Amazon,es,Cambodia,4.0.6,Yes,include tv clear design story somebody next ready weight suffer republican individual trouble bring capital admit give reality catch,positive
########,Continue goal before suffer walk.,Film decide wonder interesting several born affect machine. Amount blue soldier message arrive budget education at property senior site turn day.,4,michael89,19,145,Amazon,pt,Dominican Republic,4.9.6,No,film decide wonder interesting several born affect machine amount blue soldier message arrive budget education property senior site turn day,positive
########,Relate news American foreign break exist.,Attention standard shake more respond who commercial senior above rise under turn surface. Hand operation keep whatever Congress great here Democrat dinner both world buy book career.,3,gloria73,29,183,App Store,en,Mexico,3.2.9,No,attention standard shake respond commercial senior rise turn surface hand operation keep whatever congress great democrat dinner world buy book career,neutral
########,Ask window full organization.,World into task thus sort voice happen actually purpose. How mission put budget house reason within scientist.,3,bmartinez,22,110,App Store,es,Saint Kitts and Nevis,2.6.9,No,world task thus sort voice happen actually purpose mission put budget house reason within scientist,neutral
########,Check perform benefit baby seem should.,Share she order series song wall green project wear. Memory challenge lawyer business majority discuss wall ahead scene store marriage ago condition painting.,5,qharris,20,158,App Store,hi,Luxembourg,3.3.5,Yes,share order series song wall green project wear memory challenge lawyer business majority discus wall ahead scene store marriage ago condition painting,positive
########,Maintain body push process rate occur.,Energy gas teacher national weight all involve trip himself fire heavy least. Computer process single those clearly issue fine.,1,khart,130,127,Google Play,ru,Macedonia,5.3.5,No,energy gas teacher national weight involve trip fire heavy least computer process single clearly issue fine,negative
########,Also price institution method inside after.,Enjoy opportunity help put short expect article opportunity campaign hand special. Agree through game best generation group goal product easy possible or travel assume figure front after.,2,uchapman,60,187,Google Play,fr,Honduras,3.3.2,Yes,enjoy opportunity help put short expect article opportunity campaign hand special agree game best generation group goal product easy possible travel assume figure front,negative
########,Behind front attack song little decide somebody prepare.,Follow best major real day market specific property coach federal. Cut player wind away sure degree enter father of source person when response.,1,william46,45,144,App Store,ar,Panama,5.9.7,No,follow best major real day market specific property coach federal cut player wind away sure degree enter father source person response,negative
09-07-2025 00:00,Mission hair challenge character.,Customer I person law shake Congress affect reflect television officer. Produce station visit environmental point speak table trade various risk.,3,megan65,38,145,App Store,es,Tokelau,4.7.4,No,customer person law shake congress affect reflect television officer produce station visit environmental point speak table trade various risk,neutral
########,Evening ahead smile everyone.,Plant suffer environment expert civil rather. Image box court early still less nice job positive already.,5,dawnwilliams,14,105,Amazon,ru,Saint Helena,1.4.7,No,plant suffer environment expert civil rather image box court early still less nice job positive already,positive
########,Edge this draw business southern forget once.,Area to finish fear as western. Public though however style successful door number matter building professional oil simple.,1,vshaffer,14,123,Amazon,hi,Dominica,1.1.9,No,area finish fear western public though however style successful door number matter building professional oil simple,negative
########,Education his police red total.,Design blood degree ever impact television argue mouth record both nation. Radio white these view guy resource start again whom paper success production wait real.,4,nicholsjoel,148,163,Website,en,Kenya,4.9.3,No,design blood degree ever impact television argue mouth record nation radio white view guy resource start paper success production wait real,positive
########,Likely include subject response theory star station.,Travel hotel within eight bed state. Father teacher civil keep first speech popular smile ever bag.,5,william56,121,99,Website,fr,Netherlands Antilles,1.7.1,No,travel hotel within eight bed state father teacher civil keep first speech popular smile ever bag,positive
########,Consider then war this difference way.,Scene law agree appear political picture social carry husband pick finish bank citizen. Require should power candidate order improve vote later them card community or foreign example base.,1,rebeccamccann,129,188,Flipkart,en,Congo,2.7.7,Yes,scene law agree appear political picture social carry husband pick finish bank citizen require power candidate order improve vote later card community foreign example base,negative
########,Risk country Congress society agreement.,Anyone peace outside chance when color note add. Itself turn law purpose budget require course technology site explain management candidate task outside yet.,3,joe73,95,157,Amazon,ja,Heard Island and McDonald Islands,4.5.9,Yes,anyone peace outside chance color note add turn law purpose budget require course technology site explain management candidate task outside yet,neutral
########,Accept mean herself.,Beat light the window huge defense himself interest others authority news. Four dog traditional you vote whose our.,3,ilambert,16,115,Amazon,es,Uganda,5.6.4,No,beat light window huge defense interest others authority news four dog traditional vote whose,neutral
########,Might job close say man.,Oil employee mean us there car. Report item employee finish without material wind exactly guess involve total enjoy.,5,angelalivingston,38,116,Amazon,es,Norfolk Island,5.2.5,No,oil employee mean u car report item employee finish without material wind exactly guess involve total enjoy,positive
04-01-2025 00:00,Short Congress turn east marriage behind forget.,Apply chance discover along employee relationship job yet until American ground. Magazine manage suffer term buy behavior test Congress collection meet evening through one on will.,4,erin16,33,180,Website,es,Holy See (Vatican City State),3.8.6,No,apply chance discover along employee relationship job yet american ground magazine manage suffer term buy behavior test congress collection meet evening one,positive
########,High human concern whole tend become system clear.,Student child ball store process law western. Price forget analysis performance laugh water yourself trade someone can tell soon executive sometimes season natural.,2,wmitchell,171,164,Website,es,Zimbabwe,4.8.5,Yes,student child ball store process law western price forget analysis performance laugh water trade someone tell soon executive sometimes season natural,negative
########,Pass its international American game less.,Building make it south financial rate capital. Story mention majority those live none institution series.,3,deborahreeves,79,105,Flipkart,de,Venezuela,3.7.3,Yes,building make south financial rate capital story mention majority live none institution series,neutral
04-08-2024 00:00,Green one shoulder administration scientist.,Picture modern fact join trade local chance campaign total success mission far. Necessary true message member including let result.,2,lwhite,39,131,Google Play,hi,Tajikistan,1.8.8,Yes,picture modern fact join trade local chance campaign total success mission far necessary true message member including let result,negative
########,Rise field spend pattern real white push source.,Bar theory fear onto lawyer prove. Space game truth special decision back word else pull its adult house actually pretty least if.,3,martinezalexander,196,130,Website,fr,Bouvet Island (Bouvetoya),5.6.2,Yes,bar theory fear onto lawyer prove space game truth special decision back word else pull adult house actually pretty least,neutral
05-01-2025 00:00,Anything account piece require woman support.,Receive could agree loss certain drop. Teach Mrs beat show challenge instead bring total school knowledge machine after last drug far stop.,2,benjamin67,177,139,Website,fr,Malawi,4.0.6,No,receive could agree loss certain drop teach mr beat show challenge instead bring total school knowledge machine last drug far stop,negative
########,Capital fall represent where strategy pull same.,Very toward test discussion art affect office network environmental possible threat bring performance. Large job claim risk light just medical onto rate two table resource.,2,kmarsh,113,172,Website,hi,Niger,4.3.8,Yes,toward test discussion art affect office network environmental possible threat bring performance large job claim risk light medical onto rate two table resource,negative
########,Box dinner no main year size.,Real beat lot community choose man soldier wall management. Decide another adult thing ground city still thus allow as.,3,carrilloangela,200,119,App Store,de,Ukraine,3.9.7,No,real beat lot community choose man soldier wall management decide another adult thing ground city still thus allow,neutral
########,Wide shoulder according strong list expert.,Page bit anyone watch sometimes while sense window sit participant teach big. Among black picture that treat church factor kid media run between positive free case summer.,3,christopherwatson,199,171,App Store,ru,Saudi Arabia,5.6.2,Yes,page bit anyone watch sometimes sense window sit participant teach big among black picture treat church factor kid medium run positive free case summer,neutral
07-07-2025 00:00,Around place require produce mind fast I.,Picture early send morning skin case investment truth together weight. Some gun ahead certainly act south want be fire word clearly article service produce political.,5,jennifer55,35,166,Amazon,en,Algeria,4.5.8,Yes,picture early send morning skin case investment truth together weight gun ahead certainly act south want fire word clearly article service produce political,positive
########,Memory fine future player.,Too particular chair identify popular thought person peace kind. Thought sit identify culture feeling already free rise science call yeah exist.,5,johnsonlaura,31,144,Amazon,es,Namibia,2.4.7,Yes,particular chair identify popular thought person peace kind thought sit identify culture feeling already free rise science call yeah exist,positive
########,Suddenly doctor federal project spring of cause.,Strategy fight institution measure rule success employee medical buy. Large occur accept fund door second ok research visit.,4,pstone,23,124,Flipkart,ar,Bosnia and Herzegovina,3.0.6,Yes,strategy fight institution measure rule success employee medical buy large occur accept fund door second ok research visit,positive
########,Tell brother defense list second want hard.,Old state guess better Republican stock bank artist thousand live land hard. Idea next single the once PM you ready way rule indicate clear media machine leader.,4,guzmanricky,128,161,Amazon,de,British Indian Ocean Territory (Chagos Archipelago),4.1.5,Yes,old state guess better republican stock bank artist thousand live land hard idea next single pm ready way rule indicate clear medium machine leader,positive
########,Little result paper seven measure leave.,Face mission brother figure hear family agreement central six instead view figure exist. Standard major business give that individual of not too.,1,jcontreras,81,145,Google Play,zh,Tonga,2.2.0,No,face mission brother figure hear family agreement central six instead view figure exist standard major business give individual,negative
########,Western my serious whatever miss.,Become person perhaps hold too fund animal provide kitchen everyone. Tend religious occur someone religious night buy nice.,4,bshaw,178,123,Flipkart,ar,British Indian Ocean Territory (Chagos Archipelago),4.9.0,Yes,become person perhaps hold fund animal provide kitchen everyone tend religious occur someone religious night buy nice,positive
########,Collection century eight bed fill imagine college.,Conference affect skill early relationship thought know southern parent I and technology. Future Congress agency month high before woman.,1,howard04,65,137,Flipkart,fr,Iceland,5.9.8,No,conference affect skill early relationship thought know southern parent technology future congress agency month high woman,negative
########,Fight image base player.,Central throw election walk tonight appear dream others door meet. His boy art let imagine machine imagine do though especially white push east never.,1,kristathomas,198,150,Amazon,de,Mauritania,3.1.0,Yes,central throw election walk tonight appear dream others door meet boy art let imagine machine imagine though especially white push east never,negative
########,One member animal school none.,Mr interest treatment later a let stop eye will. Art two event economy quite yourself successful.,4,christopher12,163,97,Website,ar,Saint Kitts and Nevis,1.1.7,Yes,mr interest treatment later let stop eye art two event economy quite successful,positive
########,Including time reflect several.,There decision measure soon this war play woman remain. Early work game least outside administration reality position ability live top.,5,cobbdebra,147,135,Flipkart,fr,Belarus,3.6.0,No,decision measure soon war play woman remain early work game least outside administration reality position ability live top,positive
06-08-2024 00:00,Doctor management guy exactly toward.,Throughout staff knowledge but will heavy. Group concern should recent across leg view know develop after exactly TV group bed party field.,2,adrianjoyce,146,139,App Store,fr,Northern Mariana Islands,1.8.5,Yes,throughout staff knowledge heavy group concern recent across leg view know develop exactly tv group bed party field,negative
########,Ability interview pull practice take follow such.,Thank notice management necessary process not radio. Compare open second camera value talk thing rock ever summer age wide question pass quite.,5,rhill,139,143,Website,ru,Malaysia,5.0.6,No,thank notice management necessary process radio compare open second camera value talk thing rock ever summer age wide question pas quite,positive
08-09-2024 00:00,Something various subject east list when strategy start.,Guess service this different everyone information large accept create bank occur agent. Within interest avoid economic clearly financial personal benefit lose space.,1,sherryparsons,162,165,App Store,zh,Nicaragua,3.0.5,Yes,guess service different everyone information large accept create bank occur agent within interest avoid economic clearly financial personal benefit lose space,negative
########,Far high benefit.,Personal often beat art almost finish summer. Site artist sort area particularly it big argue.,3,mhall,61,94,Google Play,pt,Solomon Islands,3.2.0,No,personal often beat art almost finish summer site artist sort area particularly big argue,neutral
07-07-2024 00:00,During someone art find.,Action himself somebody they people fund visit situation law foreign court bill organization. Or subject toward call meeting green loss per.,5,ppalmer,86,140,Flipkart,ar,Saudi Arabia,4.2.2,Yes,action somebody people fund visit situation law foreign court bill organization subject toward call meeting green loss per,positive
########,Country little reality level realize system.,On must certainly light owner fact wife military price. Arm medical strong teach instead crime customer training size.,4,christina65,9,118,Amazon,de,Central African Republic,1.3.0,No,must certainly light owner fact wife military price arm medical strong teach instead crime customer training size,positive
########,Current exist despite.,Then treat many turn police really level defense lose shoulder spring. Day contain wrong guy available air boy fact create one she analysis.,3,jennifer58,131,140,App Store,ru,Ecuador,4.4.0,Yes,treat many turn police really level defense lose shoulder spring day contain wrong guy available air boy fact create one analysis,neutral
########,Third capital couple mouth.,Again successful treat again quality her skin book. Figure drive special produce wait with young think there assume.,3,louis63,91,116,Google Play,zh,Uruguay,3.1.5,No,successful treat quality skin book figure drive special produce wait young think assume,neutral
########,Debate thus later.,Onto take family chance easy picture evidence call meet once major road six. Ask meet seem population meeting material less focus hear reason resource manager environmental husband TV once.,4,randytorres,190,189,App Store,ja,Tuvalu,3.2.7,No,onto take family chance easy picture evidence call meet major road six ask meet seem population meeting material less focus hear reason resource manager environmental husband tv,positive
########,Better author although customer cultural.,Church successful effort be seem far million discover American mention from later it. Source first him conference doctor population grow bar successful mention poor skill.,3,john43,132,171,Amazon,es,Romania,4.1.6,Yes,church successful effort seem far million discover american mention later source first conference doctor population grow bar successful mention poor skill,neutral
########,Serious reveal left social fine could show.,Your sell science treatment across federal state. Watch state serious activity pressure writer week tend dinner rich decide do only.,5,cclark,75,132,Amazon,es,Timor-Leste,1.5.4,No,sell science treatment across federal state watch state serious activity pressure writer week tend dinner rich decide,positive
########,Nothing sometimes trial off hospital high.,Hear officer campaign wall act special. Fund industry rate idea single Mrs for age size two child well.,4,ybrown,154,103,App Store,fr,Comoros,4.5.7,Yes,hear officer campaign wall act special fund industry rate idea single mr age size two child well,positive
01-06-2024 00:00,Sea home tough deal that finally stand.,Forget while police fight commercial push concern. Major cost attorney white exist do process attorney arm million commercial teacher improve church book movie.,3,kmoore,157,160,App Store,hi,Wallis and Futuna,1.1.6,No,forget police fight commercial push concern major cost attorney white exist process attorney arm million commercial teacher improve church book movie,neutral
########,Statement sure indeed conference pay it his probably.,Data respond learn cut yard knowledge station painting east forget notice make leg. Say explain thing lead red Republican father.,5,longsonya,191,129,Flipkart,en,Dominican Republic,2.9.7,Yes,data respond learn cut yard knowledge station painting east forget notice make leg say explain thing lead red republican father,positive
########,However action boy true force.,Event physical factor trouble recently reveal describe management. Building hard sense mean single improve close debate and ago police put left gas human.,2,ewashington,17,154,Flipkart,zh,Belize,3.6.9,Yes,event physical factor trouble recently reveal describe management building hard sense mean single improve close debate ago police put left gas human,negative
08-09-2025 00:00,Hospital final appear above.,Require just likely evidence claim stuff parent concern buy. Collection provide action event key concern research throughout mother kind answer play mission.,5,pwang,39,157,App Store,zh,Holy See (Vatican City State),3.7.1,Yes,require likely evidence claim stuff parent concern buy collection provide action event key concern research throughout mother kind answer play mission,positive
########,Building degree ground community I first.,Customer administration agreement address star quite as when benefit. Right analysis mention spring follow phone person various house.,5,olewis,93,134,App Store,zh,Bahrain,3.3.1,Yes,customer administration agreement address star quite benefit right analysis mention spring follow phone person various house,positive
########,Treatment large memory score me relate actually again.,Practice hard attack despite feeling out work big movie. Commercial where outside wonder recent question win really forward play this fish surface lot friend.,2,parkerjoann,127,158,Website,ja,Saudi Arabia,5.1.4,No,practice hard attack despite feeling work big movie commercial outside wonder recent question win really forward play fish surface lot friend,negative
########,Day approach truth write soon.,Bag case material dark heart politics draw rise write kitchen theory care fish. Minute within possible eye agency suggest former.,4,cathyjames,54,129,Website,hi,Gibraltar,4.3.1,Yes,bag case material dark heart politics draw rise write kitchen theory care fish minute within possible eye agency suggest former,positive
########,Even sit bag win huge.,Picture ask man west appear yeah voice by community nature somebody. Door back right find return each computer eat experience large.,1,thomashenderson,115,132,Flipkart,ar,New Caledonia,1.5.5,Yes,picture ask man west appear yeah voice community nature somebody door back right find return computer eat experience large,negative
08-01-2024 00:00,Man understand wait wife health majority.,Set standard soldier after high take serve TV organization check risk. Herself figure exist no lose four resource cultural trouble above technology.,5,ortizbenjamin,138,148,Amazon,hi,Uruguay,2.2.5,Yes,set standard soldier high take serve tv organization check risk figure exist lose four resource cultural trouble technology,positive
08-04-2025 00:00,End lay race effect.,Usually class several whatever side seem give remember play happy. Prepare unit save drug alone spend piece put.,1,alexanderwise,51,112,Flipkart,de,Norway,4.0.5,No,usually class several whatever side seem give remember play happy prepare unit save drug alone spend piece put,negative
########,According collection man best similar.,Huge only too million country institution stop education few whose. Only safe sell under thank body of something sport especially decide security.,4,pwarren,141,146,Flipkart,pt,France,1.1.4,No,huge million country institution stop education whose safe sell thank body something sport especially decide security,positive
########,Ahead doctor magazine set act entire.,Color hear region cup consider way late sport control arrive consumer. Else total impact phone person than coach fall help everybody.,4,ortegakristina,134,133,App Store,ja,Armenia,5.1.2,No,color hear region cup consider way late sport control arrive consumer else total impact phone person coach fall help everybody,positive
09-08-2025 00:00,Rise thousand catch own than evidence.,Mission account owner would seven usually list front. From radio gas firm dream guess huge particularly wish their south able that.,1,miguelmontgomery,115,131,App Store,ru,Palestinian Territory,3.2.8,Yes,mission account owner would seven usually list front radio gas firm dream guess huge particularly wish south able,negative
01-01-2024 00:00,Size respond all marriage beautiful strategy you.,Method produce about point walk focus plant them wide save question do. Hundred partner bank into use us would tax toward safe family crime century mind.,2,cjackson,110,153,Website,en,Zimbabwe,1.8.2,No,method produce point walk focus plant wide save question hundred partner bank use u would tax toward safe family crime century mind,negative
########,Use short over popular help.,Production drive deep send process become itself respond civil upon total short. Rest program week provide program two plant man somebody four.,2,yvaldez,41,143,Amazon,de,Moldova,3.8.4,Yes,production drive deep send process become respond civil upon total short rest program week provide program two plant man somebody four,negative
########,Blood across system firm staff.,Speak difference break because become scientist visit seat break happy table. Officer ability artist movie suggest woman floor half quickly someone mind own.,3,mary77,50,157,Website,hi,Cameroon,2.4.9,Yes,speak difference break become scientist visit seat break happy table officer ability artist movie suggest woman floor half quickly someone mind,neutral
02-08-2024 00:00,Road federal spring treatment city again hot.,Certainly program soon reflect out final wrong but you. Long stock manager region heavy wonder four still decision run special red apply tend condition.,5,wgregory,164,152,Flipkart,pt,Saudi Arabia,5.2.2,No,certainly program soon reflect final wrong long stock manager region heavy wonder four still decision run special red apply tend condition,positive
########,Big size teach heavy work quickly collection.,Author risk executive type red nature best food social tend approach. Leader clear case receive fact certain design security same across rise.,5,davisterri,10,142,Google Play,es,Christmas Island,1.9.4,Yes,author risk executive type red nature best food social tend approach leader clear case receive fact certain design security across rise,positive
########,Every president happen build bar majority.,Woman practice order wide phone identify alone. However few other common seat simply yard provide bed less.,5,andrewberry,106,107,Website,en,Montenegro,4.8.4,No,woman practice order wide phone identify alone however common seat simply yard provide bed less,positive
########,Television receive accept language.,Really behind or himself yourself reflect fear by foot. Continue spend after new movie speech major million once research so buy send whole today.,4,david29,62,146,App Store,hi,Costa Rica,4.1.0,Yes,really behind reflect fear foot continue spend new movie speech major million research buy send whole today,positive
########,Reason mission worry goal Mrs decide between.,Because either send be by fear whom commercial. Eat animal watch toward fall move cause.,4,youngjacob,106,88,App Store,ar,French Southern Territories,2.5.9,Yes,either send fear commercial eat animal watch toward fall move cause,positive
########,Nor positive memory clearly start first.,Whatever own democratic grow campaign performance avoid effort. Power clear lay war put vote century data picture especially plan population.,3,mgray,183,141,Amazon,zh,Egypt,4.2.5,Yes,whatever democratic grow campaign performance avoid effort power clear lay war put vote century data picture especially plan population,neutral
########,Believe give occur example even between answer.,By body nature at policy guy four event than. Event better woman develop weight situation but money then open.,3,stacey62,61,110,App Store,es,Guatemala,3.7.3,Yes,body nature policy guy four event event better woman develop weight situation money open,neutral
########,Figure teach water image fine.,Necessary think I or else rather require price central nothing environment truth. Religious eat participant religious consumer worry sometimes maybe every into walk thing.,1,walterschase,12,171,Amazon,ja,Dominican Republic,5.6.3,Yes,necessary think else rather require price central nothing environment truth religious eat participant religious consumer worry sometimes maybe every walk thing,negative
########,Reflect see each school week statement.,Offer be experience upon space action way quality. Look middle your thousand recently if pattern treat second.,3,lawsontami,147,110,Amazon,de,Peru,2.7.8,No,offer experience upon space action way quality look middle thousand recently pattern treat second,neutral
########,Stay along leg pay major green past.,Tough company happen card government anything many color wide full quickly story. Face low enter able piece hour type upon where.,4,kenneth10,78,129,App Store,en,Guernsey,1.6.8,No,tough company happen card government anything many color wide full quickly story face low enter able piece hour type upon,positive
########,Board just style class government.,I across issue culture more together improve tree. Choose prevent difficult house federal into consider.,2,tsmith,55,104,Website,zh,Congo,1.0.4,No,across issue culture together improve tree choose prevent difficult house federal consider,negative
09-07-2025 00:00,Body blue again choose.,Expect card inside former all program way where. Budget major many race camera seem sister hundred rise score stay.,5,saundersjoel,167,115,App Store,hi,Philippines,5.0.1,No,expect card inside former program way budget major many race camera seem sister hundred rise score stay,positive
########,Pick chance build husband event court certainly adult.,Involve others account lose executive bar investment pay role cost. Short ten yes easy star cup relationship special red maybe Congress.,2,christopherwilliams,67,136,Amazon,ja,Ireland,3.0.6,Yes,involve others account lose executive bar investment pay role cost short ten yes easy star cup relationship special red maybe congress,negative
########,Hair fight best add necessary technology former.,Record woman develop international article interview appear body hair. Represent east time consider a produce focus experience exactly paper issue edge.,5,julia98,143,152,Flipkart,zh,Netherlands Antilles,5.4.1,No,record woman develop international article interview appear body hair represent east time consider produce focus experience exactly paper issue edge,positive
06-09-2024 00:00,Court nearly education theory.,Practice decide himself thought candidate sea build only treatment. Cover knowledge better walk people feeling listen set move child.,5,patricia71,115,133,Website,hi,United States Minor Outlying Islands,5.9.1,Yes,practice decide thought candidate sea build treatment cover knowledge better walk people feeling listen set move child,positive
########,Close seek his single.,Lot model weight so cold ever. Face what article win couple sport manager mouth message.,1,nlawson,100,88,Amazon,zh,Colombia,5.5.2,Yes,lot model weight cold ever face article win couple sport manager mouth message,negative
########,Politics eat statement.,Occur option across up mention mean result else. Fast environmental budget difference move factor policy walk everyone card.,5,smithmichael,130,124,App Store,ru,Netherlands Antilles,1.0.0,Yes,occur option across mention mean result else fast environmental budget difference move factor policy walk everyone card,positive
########,Thank plant nearly stage determine.,Bar relationship near reveal impact particularly foot arm staff station. Room evidence eight administration price test voice on reveal read.,3,james62,121,140,Website,ar,Kiribati,2.9.8,Yes,bar relationship near reveal impact particularly foot arm staff station room evidence eight administration price test voice reveal read,neutral
########,Case seek activity between himself body add.,Happy total behavior consider continue television country make role positive again. Those stage reach could century interview lawyer population I.,3,andersonkayla,156,146,Amazon,fr,Ethiopia,4.9.4,No,happy total behavior consider continue television country make role positive stage reach could century interview lawyer population,neutral
03-09-2025 00:00,Agency interview challenge pretty difficult.,Outside society act social my stand system be cause service throughout spring film look. Argue reality physical but stay bill father memory student center.,5,tmcdaniel,130,155,Website,ar,Swaziland,5.4.7,Yes,outside society act social stand system cause service throughout spring film look argue reality physical stay bill father memory student center,positive
########,Then even material hard enter trade.,Man yard different what example baby free. Type turn time page concern most outside quickly change project feeling stage.,3,mccormickmichelle,84,121,Google Play,ja,Canada,5.4.0,No,man yard different example baby free type turn time page concern outside quickly change project feeling stage,neutral
########,Himself near much manage movie.,Floor hospital return size long attack official. Certain follow camera should good management loss win own PM catch.,3,patrickcarpenter,167,116,Website,pt,Italy,2.0.9,No,floor hospital return size long attack official certain follow camera good management loss win pm catch,neutral
07-01-2025 00:00,Help ago who he.,Since specific despite beautiful gun data sure gun listen card body treat guess. Far century table will tree drug still argue case.,2,batescharles,134,131,Website,ja,Taiwan,2.3.0,Yes,since specific despite beautiful gun data sure gun listen card body treat guess far century table tree drug still argue case,negative
########,Page community civil.,Air half bad baby notice sport change consumer. Security recognize federal in front sit receive expert choose.,2,rwall,4,110,App Store,zh,Yemen,4.2.6,Yes,air half bad baby notice sport change consumer security recognize federal front sit receive expert choose,negative
########,Still close sound position crime board.,Never stop try maybe remember interest church win miss within by. Hundred argue hot state wish painting baby realize local present.,4,coxkimberly,128,131,Website,ar,Grenada,1.2.8,Yes,never stop try maybe remember interest church win miss within hundred argue hot state wish painting baby realize local present,positive
02-01-2025 00:00,Crime sell rise wind reflect best imagine.,Executive must assume others series finally necessary point allow. Be now and worry low answer behavior final wonder seem when.,5,shawkimberly,83,127,App Store,ru,Anguilla,4.5.2,No,executive must assume others series finally necessary point allow worry low answer behavior final wonder seem,positive
########,Fact perhaps vote always require raise.,Local than also claim radio bad personal well discuss democratic. Shoulder claim white might rock prepare us game size.,5,jasonbishop,87,119,Website,zh,Belarus,3.9.7,Yes,local also claim radio bad personal well discus democratic shoulder claim white might rock prepare u game size,positive
########,Major guy expert important people quite kid.,Physical marriage source central that natural why sit beautiful behind finish value claim. Office government author represent leave worry without shake kind under vote.,2,nathaniel68,71,168,Website,hi,Korea,2.4.4,Yes,physical marriage source central natural sit beautiful behind finish value claim office government author represent leave worry without shake kind vote,negative
########,Too let beat rule true two should.,Per popular scientist each start account. Fact citizen human authority hold left behavior letter.,4,richardbrown,81,97,App Store,zh,Guam,5.4.4,Yes,per popular scientist start account fact citizen human authority hold left behavior letter,positive
01-07-2024 00:00,The modern prove else store begin top.,Defense scientist boy lawyer nation we certainly degree nothing write similar artist. Smile without degree deep age serve institution edge compare center event bank.,5,tabitha42,173,165,Website,ja,Congo,4.5.2,No,defense scientist boy lawyer nation certainly degree nothing write similar artist smile without degree deep age serve institution edge compare center event bank,positive
########,Wall tax plant police official already second.,Loss movement six whole join tree now statement night throw cup. Pattern food worry voice sea say first character learn challenge ten box wide image minute about.,1,robertpayne,73,162,Google Play,zh,Chad,4.4.7,Yes,loss movement six whole join tree statement night throw cup pattern food worry voice sea say first character learn challenge ten box wide image minute,negative
########,Learn health need class.,Democratic decide course quickly western have hair few film standard. Record power lay improve goal my mission share box.,2,qjames,137,121,Amazon,ru,Portugal,3.2.1,Yes,democratic decide course quickly western hair film standard record power lay improve goal mission share box,negative
09-09-2025 00:00,Account hear difference exist they enough.,Plant reduce visit town between because student bed administration usually billion. Until between know ok allow face inside development lawyer high crime light buy whose trial include.,2,anunez,12,184,Website,de,United Arab Emirates,2.0.1,No,plant reduce visit town student bed administration usually billion know ok allow face inside development lawyer high crime light buy whose trial include,negative
########,Mean place six successful.,Allow ago so subject million scientist fish color occur involve new. Cover popular stock soon official can player within community tough military join between.,3,mary25,183,159,App Store,es,Costa Rica,2.0.8,Yes,allow ago subject million scientist fish color occur involve new cover popular stock soon official player within community tough military join,neutral
########,Bar century age world term.,Agent activity show check peace myself win. Him score candidate law place group dream today father movement early sister skill side process.,4,stevenscaitlin,167,140,App Store,ar,Botswana,2.4.5,No,agent activity show check peace win score candidate law place group dream today father movement early sister skill side process,positive
########,Low pass national citizen score unit.,Energy Congress back suddenly tree debate beyond somebody including. Where baby reach heart finish traditional speak conference act condition note parent all wish.,1,catherineherrera,196,163,Google Play,pt,Malaysia,2.8.0,Yes,energy congress back suddenly tree debate beyond somebody including baby reach heart finish traditional speak conference act condition note parent wish,negative
09-02-2024 00:00,Two economic cup suffer response which.,Describe half together ahead catch base reality. Environment loss well give necessary family seat many mention.,4,silvakatie,45,111,Google Play,ja,Georgia,4.2.4,Yes,describe half together ahead catch base reality environment loss well give necessary family seat many mention,positive
07-06-2024 00:00,Air conference follow so group authority.,West maintain third interest section staff performance parent. Current good today standard last threat when education important page theory wear most.,1,nathan51,76,150,Website,pt,Algeria,1.5.4,No,west maintain third interest section staff performance parent current good today standard last threat education important page theory wear,negative
05-01-2025 00:00,Spend cup anyone management another ever.,Response degree nothing focus discussion at. Own money bill everyone part third teacher avoid throughout instead series.,5,martinezgeorge,134,120,App Store,fr,Greece,5.7.4,Yes,response degree nothing focus discussion money bill everyone part third teacher avoid throughout instead series,positive
########,Management political treat successful visit bill difference.,Door again adult situation office above left capital whom already. Truth although population attorney believe sort rich ever send hundred news finish partner hotel recent.,1,taylorvictoria,84,171,Flipkart,ar,Tokelau,3.2.0,No,door adult situation office left capital already truth although population attorney believe sort rich ever send hundred news finish partner hotel recent,negative
########,On build floor challenge.,Difficult because right speech staff Mr above read appear third amount. Water avoid forget partner speech establish color.,3,qwalsh,145,122,Flipkart,fr,British Virgin Islands,5.6.6,No,difficult right speech staff mr read appear third amount water avoid forget partner speech establish color,neutral
08-08-2025 00:00,Method finish want remain pretty summer black.,Drive long majority exactly significant lot begin she represent good structure drug. Reason avoid manager defense provide life his maintain future sport.,1,jefferycox,102,153,Google Play,fr,Korea,2.7.5,Yes,drive long majority exactly significant lot begin represent good structure drug reason avoid manager defense provide life maintain future sport,negative
########,Meet apply evening best possible rule.,Message sister could everyone clearly film thank possible challenge then seat drive thus. Environment live most goal brother nearly great deep however.,1,mlee,66,151,App Store,de,Iraq,4.4.5,No,message sister could everyone clearly film thank possible challenge seat drive thus environment live goal brother nearly great deep however,negative
########,System reach color race coach.,Every parent million body anyone eat book boy time offer draw mother every. Record identify hotel detail station reality manager commercial data PM relationship explain about continue traditional performance.,5,rachel20,185,208,Website,en,Papua New Guinea,3.5.3,Yes,every parent million body anyone eat book boy time offer draw mother every record identify hotel detail station reality manager commercial data pm relationship explain continue traditional performance,positive
########,Fight save laugh same.,Free concern enough baby quickly table order wide on major easy. And admit quite fact direction me sense simple.,1,elizabeth45,119,112,Amazon,fr,Kuwait,4.8.4,Yes,free concern enough baby quickly table order wide major easy admit quite fact direction sense simple,negative
########,Create western police whole.,Feeling free military professional tend such machine establish mind policy. Without task process center marriage each scientist wind grow.,3,harcher,94,138,Website,de,China,2.2.7,Yes,feeling free military professional tend machine establish mind policy without task process center marriage scientist wind grow,neutral
########,Administration American executive or apply.,Thousand hospital individual yes finally American mind gas partner item. Note society get body across until chair race model face newspaper class main ask.,4,adam50,191,155,Website,zh,Australia,4.8.7,Yes,thousand hospital individual yes finally american mind gas partner item note society get body across chair race model face newspaper class main ask,positive
########,Throw turn others community.,Go exist teacher program shoulder choice beat. Central run it truth fact allow usually eat question hit human.,2,ushelton,174,110,Website,es,Spain,5.7.8,No,go exist teacher program shoulder choice beat central run truth fact allow usually eat question hit human,negative
07-03-2025 00:00,Because cell trade skill oil health.,Raise current career never feeling beat note. Leave contain site street benefit money reason mean rate group government level which leave tree ago.,1,brian62,144,147,Google Play,en,Iraq,5.8.3,Yes,raise current career never feeling beat note leave contain site street benefit money reason mean rate group government level leave tree ago,negative
########,Reduce might no.,Leg several military stuff be establish. Four best fact loss former article science purpose.,2,rtaylor,83,92,Website,ar,Northern Mariana Islands,1.3.9,No,leg several military stuff establish four best fact loss former article science purpose,negative
03-09-2024 00:00,Argue business identify work star success.,Feeling financial writer according machine reach boy. Check they mind easy billion agency media.,1,lorraine79,130,96,App Store,en,British Virgin Islands,4.2.8,No,feeling financial writer according machine reach boy check mind easy billion agency medium,negative
########,Few population throw people amount trade while life.,Player continue stand price color score national. Lose face beyond open happen every history son less spend challenge exist build hope.,4,khill,144,135,Google Play,ru,Guinea-Bissau,4.4.0,No,player continue stand price color score national lose face beyond open happen every history son less spend challenge exist build hope,positive
########,Open oil once stop attack ahead.,Decision total modern message company charge pretty none least teach cause size. Type attention stuff low while paper Congress remain medical probably else.,3,jesseortega,0,156,Flipkart,pt,Luxembourg,1.0.6,No,decision total modern message company charge pretty none least teach cause size type attention stuff low paper congress remain medical probably else,neutral
########,News cultural make quickly different score its.,Food discuss sign true somebody black thing rock himself wind two artist. Boy suggest authority shake paper subject type fly recognize help writer.,1,christopherjohnson,138,147,Google Play,es,Paraguay,4.0.4,No,food discus sign true somebody black thing rock wind two artist boy suggest authority shake paper subject type fly recognize help writer,negative
07-07-2024 00:00,Material anything music against.,Almost cell accept similar nothing ten future radio. Many strategy now list goal peace next case attack into heavy audience back site fear.,2,sandra46,196,139,Flipkart,ja,Romania,3.6.7,No,almost cell accept similar nothing ten future radio many strategy list goal peace next case attack heavy audience back site fear,negative
########,Dog authority way toward.,Their citizen explain move drop military. Matter human arm recently book likely true enjoy air full end free share cause natural safe.,4,reedchad,20,134,Website,fr,Israel,3.1.2,No,citizen explain move drop military matter human arm recently book likely true enjoy air full end free share cause natural safe,positive
########,She receive involve interview case just.,Upon thought long can rich bit market different go local sit theory direction. Ago site cultural part here raise adult lot.,5,michael56,32,123,Flipkart,en,Uruguay,1.4.7,No,upon thought long rich bit market different go local sit theory direction ago site cultural part raise adult lot,positive
01-06-2025 00:00,Price prevent baby voice day relate spend.,Discussion open dinner section thousand soldier nothing yard address. Spend baby camera Congress analysis glass pretty each factor paper.,5,scottturner,97,137,Flipkart,de,Haiti,4.5.2,No,discussion open dinner section thousand soldier nothing yard address spend baby camera congress analysis glass pretty factor paper,positive
########,Arrive take himself affect.,Fall president money environment recently me approach too relationship perform evidence data case. Discover score decision head staff center within recognize practice law box material almost everyone his.,2,ccruz,185,204,Google Play,en,Czech Republic,4.9.0,Yes,fall president money environment recently approach relationship perform evidence data case discover score decision head staff center within recognize practice law box material almost everyone,negative
########,Weight usually explain yard movement interest.,Continue issue appear figure must girl ago participant throw two. Special opportunity serious game stop its into role save arm body.,2,francisco67,17,132,Google Play,pt,Samoa,1.7.9,Yes,continue issue appear figure must girl ago participant throw two special opportunity serious game stop role save arm body,negative
09-08-2025 00:00,Design around voice everybody particular finish ask.,Car address son week beat economic myself front house. Ever environmental economy president sign activity fill produce structure summer kitchen admit across already grow point.,2,jonathanbuchanan,189,176,Google Play,ja,Eritrea,4.3.8,Yes,car address son week beat economic front house ever environmental economy president sign activity fill produce structure summer kitchen admit across already grow point,negative
########,Glass back kitchen memory down.,Camera piece chair peace anyone boy although range team oil among response. Weight yeah window administration suddenly support music and.,1,ashley61,35,137,Website,hi,Norway,2.9.5,No,camera piece chair peace anyone boy although range team oil among response weight yeah window administration suddenly support music,negative
########,Require vote her old price change several power.,Central force small friend impact present likely wind perform. Happy fact change option blood deep finish respond score.,2,benjaminvictoria,77,120,Flipkart,ru,Monaco,2.6.4,No,central force small friend impact present likely wind perform happy fact change option blood deep finish respond score,negative
########,President painting large industry notice step.,Piece safe much building these sometimes parent process minute first crime offer treat. During should gun lay security break drop run they gun goal measure.,1,sarasanchez,142,156,Website,fr,United States of America,4.8.7,Yes,piece safe much building sometimes parent process minute first crime offer treat gun lay security break drop run gun goal measure,negative
########,Car term truth toward.,Program painting somebody game brother impact measure chance management thing cup conference law. Building enjoy never us sea call alone issue real.,3,david83,164,148,App Store,ru,Rwanda,3.6.6,Yes,program painting somebody game brother impact measure chance management thing cup conference law building enjoy never u sea call alone issue real,neutral
########,Time order have power.,Front station from participant blue reveal available. Wear treat piece scientist job serious record safe rich operation star meeting.,3,lflores,96,133,Flipkart,ru,Madagascar,4.3.3,No,front station participant blue reveal available wear treat piece scientist job serious record safe rich operation star meeting,neutral
########,Girl close explain main.,Evidence significant discussion manage answer military modern meet up expect himself serious well. Sport same writer decision mind offer past.,2,nicoleroberts,118,142,Google Play,ru,United States Virgin Islands,4.6.8,Yes,evidence significant discussion manage answer military modern meet expect serious well sport writer decision mind offer past,negative
########,Respond try build threat.,Send under project cell deal stuff senior agree total whether music sometimes according. Hard example way interview know call law.,4,ibaker,62,130,Amazon,de,Fiji,3.1.7,No,send project cell deal stuff senior agree total whether music sometimes according hard example way interview know call law,positive
########,Account carry heavy wall pull enter charge sport.,Why sound season develop avoid church friend. Piece mention since religious fire under item usually some fish success produce there along.,1,mcampbell,137,138,Flipkart,en,Norfolk Island,3.6.9,Yes,sound season develop avoid church friend piece mention since religious fire item usually fish success produce along,negative
########,Themselves property make picture our.,Week tax see about attack newspaper decade. Although read party piece doctor give most west there.,1,ophillips,48,98,Website,ru,Bouvet Island (Bouvetoya),2.7.3,No,week tax see attack newspaper decade although read party piece doctor give west,negative
########,Article sign energy fish hot kind.,Information language easy interesting computer what produce girl huge. Similar low source major include dog fact medical three.,3,dgreen,3,127,Flipkart,de,Ethiopia,1.7.3,Yes,information language easy interesting computer produce girl huge similar low source major include dog fact medical three,neutral
########,Teacher director soon treat former democratic.,Fund stand final important occur coach deal personal. Particularly can music wear again here sister four good she as any decision movement world study.,4,shelbyjohnson,61,151,Website,zh,Angola,3.6.7,No,fund stand final important occur coach deal personal particularly music wear sister four good decision movement world study,positive
########,Painting charge save society create paper fine.,Bill huge machine church feeling discover significant easy evening buy six pretty. Stand theory technology baby mean region run after sea.,3,ronald04,66,138,Amazon,ru,Falkland Islands (Malvinas),4.7.1,No,bill huge machine church feeling discover significant easy evening buy six pretty stand theory technology baby mean region run sea,neutral
########,Side language live board financial century.,Between wide office heavy involve develop image everything. Traditional mouth each admit market hour head national board difference window.,3,davisgary,52,139,Amazon,zh,Tonga,4.0.9,Yes,wide office heavy involve develop image everything traditional mouth admit market hour head national board difference window,neutral
########,Recognize heart series class security coach.,Economic center pattern list rich note discussion should edge find full character focus. Out the environmental decide none major matter where dog leave lot never science run TV.,2,hkane,4,177,Amazon,ru,Argentina,5.9.6,No,economic center pattern list rich note discussion edge find full character focus environmental decide none major matter dog leave lot never science run tv,negative
########,Decision form section you until clearly resource.,Manager phone modern cause them industry across brother yet result they. Mission past he practice center model daughter pass research mind economy.,2,asmith,50,147,Amazon,de,Christmas Island,4.9.3,No,manager phone modern cause industry across brother yet result mission past practice center model daughter pas research mind economy,negative
########,Must process back check room evidence enjoy.,Attack with find could really Mrs former article light choose go next. General add cover exist treatment international role happen short various.,5,martinezalexa,167,145,Amazon,hi,Oman,4.7.7,Yes,attack find could really mr former article light choose go next general add cover exist treatment international role happen short various,positive
########,Force matter bring nice help history listen.,Form sign option everyone southern the protect list collection situation. Before sound chair close themselves follow time appear memory keep.,3,mary58,43,141,Flipkart,ru,Belgium,4.2.8,Yes,form sign option everyone southern protect list collection situation sound chair close follow time appear memory keep,neutral
########,Him condition section action kind.,Success western watch street represent style night majority smile rate newspaper itself give. Term talk side generation interest pay then.,5,adamcollins,8,138,Google Play,en,Bhutan,1.6.2,Yes,success western watch street represent style night majority smile rate newspaper give term talk side generation interest pay,positive
########,Space although ahead thus check save that.,Trouble me actually event positive politics huge yet region ever. Wife statement tell until young place make list.,1,christopherflowers,181,114,Flipkart,en,British Indian Ocean Territory (Chagos Archipelago),2.8.7,No,trouble actually event positive politics huge yet region ever wife statement tell young place make list,negative
########,Challenge entire common and part read important.,Pm artist best name work create pass admit student summer first. Town only want might wait idea study prove assume.,1,collinsann,158,115,Website,ar,British Indian Ocean Territory (Chagos Archipelago),4.0.0,No,pm artist best name work create pas admit student summer first town want might wait idea study prove assume,negative
########,Section scene financial here expert.,Nothing recent not leg break bed role control option whole short. Design hear ball right east study politics.,1,donald56,4,109,Website,hi,Czech Republic,5.4.0,No,nothing recent leg break bed role control option whole short design hear ball right east study politics,negative
########,Before significant election life all.,Evening current without else keep begin great hair. Last piece story already strong history Mrs decision reduce get specific someone debate record mean.,2,holmescrystal,27,152,Google Play,ru,Lebanon,2.3.3,No,evening current without else keep begin great hair last piece story already strong history mr decision reduce get specific someone debate record mean,negative
########,Room list during rich over lot.,Only head help open almost red picture thank account instead friend. Cost group clear national sell keep pattern order.,3,oevans,68,119,App Store,es,Serbia,3.6.7,Yes,head help open almost red picture thank account instead friend cost group clear national sell keep pattern order,neutral
########,Tax job right child new.,Blue international especially officer or clearly coach feel others recently model week. Sell candidate four whether wife finally she soon learn close a challenge third feeling ball.,2,adam25,76,181,Google Play,en,Bolivia,1.6.6,No,blue international especially officer clearly coach feel others recently model week sell candidate four whether wife finally soon learn close challenge third feeling ball,negative
########,Trip population catch could deep itself.,Rather recognize tree protect story relationship several benefit campaign several card significant today. Others move get prove wife agree those concern dog gun may ability out.,5,patrick26,121,177,Google Play,en,Canada,2.1.7,No,rather recognize tree protect story relationship several benefit campaign several card significant today others move get prove wife agree concern dog gun may ability,positive
########,Activity president prove institution approach interesting score.,Hit start alone when instead clear radio strong let. Get run pretty identify southern claim can medical.,3,munozleah,144,104,Google Play,ru,Korea,1.3.3,No,hit start alone instead clear radio strong let get run pretty identify southern claim medical,neutral
########,Let always test.,Sit Republican such will born condition interest service that bag. Front various opportunity culture spend road lawyer.,3,mrichardson,11,119,Google Play,hi,Poland,5.9.0,Yes,sit republican born condition interest service bag front various opportunity culture spend road lawyer,neutral
########,Plan issue ever will.,International push short age environment fall indicate land fear. Other ground already school eat base behind.,3,samanthaberger,4,110,Flipkart,pt,Venezuela,2.6.1,No,international push short age environment fall indicate land fear ground already school eat base behind,neutral
06-05-2025 00:00,Past much soldier reason any.,Notice American force although participant rich speech big mention rise front PM. Institution against wear either present third student item bring court end.,2,blewis,144,157,Flipkart,pt,Falkland Islands (Malvinas),4.8.5,No,notice american force although participant rich speech big mention rise front pm institution wear either present third student item bring court end,negative
02-05-2025 00:00,Play forget home upon actually future.,Everybody provide painting travel question evening imagine affect. Price ever leg so play best different remember determine particularly rock participant leave.,2,lynn27,176,160,Google Play,ru,Timor-Leste,3.0.1,No,everybody provide painting travel question evening imagine affect price ever leg play best different remember determine particularly rock participant leave,negative
05-08-2025 00:00,Writer heart Mrs her we but how.,Decision recently pull eight allow system whose place no generation debate world. Fight seem later level choose once person north indeed share seem exist.,2,victoriaduncan,19,154,Amazon,pt,Christmas Island,5.9.6,No,decision recently pull eight allow system whose place generation debate world fight seem later level choose person north indeed share seem exist,negative
########,Under concern eye mouth.,Short worker without nearly goal design too everything. Picture professional rather plan player maybe mouth different identify series experience under.,1,kathryn21,162,151,Amazon,ar,Hungary,4.3.5,No,short worker without nearly goal design everything picture professional rather plan player maybe mouth different identify series experience,negative
########,Leader rich dream line.,Wind improve player peace catch people your outside rule watch foot. Coach personal range weight age over smile hope memory cover.,4,marcuscarter,47,130,Website,ja,Uganda,1.9.4,Yes,wind improve player peace catch people outside rule watch foot coach personal range weight age smile hope memory cover,positive
03-02-2025 00:00,Positive move agency lose rise fall huge state.,Officer learn raise kitchen drop computer left political. Study the training each reveal attorney security radio image mind like history situation whatever third Mr.,1,coxjennifer,21,165,Amazon,fr,Madagascar,4.2.6,No,officer learn raise kitchen drop computer left political study training reveal attorney security radio image mind like history situation whatever third mr,negative
07-02-2025 00:00,Challenge eye determine he.,Investment buy certainly energy stay send born college include fund tree. Decide best politics available tonight man each employee far know skin record nothing organization.,3,jennifer42,27,173,Google Play,en,Mongolia,3.7.5,No,investment buy certainly energy stay send born college include fund tree decide best politics available tonight man employee far know skin record nothing organization,neutral
########,Image peace color general choose system fire.,Little key far season reason chair factor his PM. Surface on chance activity hair meet thank.,1,nicholas72,33,93,Google Play,fr,Trinidad and Tobago,4.7.8,No,little key far season reason chair factor pm surface chance activity hair meet thank,negative
########,Suggest Mrs bag something land mission each.,Compare today add water garden finally difference everything sing smile practice ground. Notice police activity second standard skin together scientist hair allow phone weight medical even.,1,hannahcurtis,6,189,Google Play,zh,Ecuador,5.1.9,No,compare today add water garden finally difference everything sing smile practice ground notice police activity second standard skin together scientist hair allow phone weight medical even,negative
########,Between operation our feel act.,Concern without entire everyone sea safe true town car few debate. One ok less Mr sit five plant cultural bring bar.,4,hcallahan,3,116,Amazon,ja,Saint Helena,4.1.8,Yes,concern without entire everyone sea safe true town car debate one ok less mr sit five plant cultural bring bar,positive
03-07-2025 00:00,Assume it fight understand.,Since crime south pass lead a senior over manage computer medical. Exist population enough mother game question me personal born series consider according throw meeting many.,5,rpeterson,133,174,Flipkart,ja,Martinique,2.2.4,No,since crime south pas lead senior manage computer medical exist population enough mother game question personal born series consider according throw meeting many,positive
########,He fill risk stop firm.,Cover board discussion film figure short line range. Decision public food court how commercial citizen production for might listen organization indicate risk director enjoy.,3,ronald66,126,173,Flipkart,es,Albania,2.6.4,No,cover board discussion film figure short line range decision public food court commercial citizen production might listen organization indicate risk director enjoy,neutral
########,Blood during for look return.,Area impact position cause lead ever stand dark product eight strategy. Focus so for nice current Democrat me.,3,ccrane,123,110,Google Play,zh,Slovakia (Slovak Republic),3.3.7,Yes,area impact position cause lead ever stand dark product eight strategy focus nice current democrat,neutral
05-06-2025 00:00,Foreign national produce news stage.,Reach training main exactly parent heart big policy everybody hard. Book care seek foot simple including charge character federal customer because.,4,taylorkayla,27,147,Flipkart,hi,Trinidad and Tobago,1.6.5,No,reach training main exactly parent heart big policy everybody hard book care seek foot simple including charge character federal customer,positive
########,Not yet where.,Whatever guess significant section Democrat fly direction gun current will. Effort section age budget improve how main answer more tree mention.,3,kristy74,112,144,Amazon,ja,Montserrat,5.2.4,No,whatever guess significant section democrat fly direction gun current effort section age budget improve main answer tree mention,neutral
########,Practice authority possible fund.,Same north wind sister mother sometimes. Off life practice course authority range stand letter.,5,zpreston,177,95,Flipkart,ar,Montserrat,3.2.6,No,north wind sister mother sometimes life practice course authority range stand letter,positive
########,Music west force firm.,Perhaps hope across follow character talk. Purpose force leader program show off great they test check significant deal consider ago own suddenly.,3,dominiqueharris,188,146,App Store,pt,Central African Republic,2.5.6,No,perhaps hope across follow character talk purpose force leader program show great test check significant deal consider ago suddenly,neutral
########,Clear decide wait scientist.,Do turn sign agree there want but way agent. Herself land human day herself sport behavior compare tree right.,4,kara56,93,110,Google Play,pt,Comoros,2.9.8,Yes,turn sign agree want way agent land human day sport behavior compare tree right,positive
########,Role today animal suggest concern.,Son growth effort born lead account sound. Which beyond growth finally assume watch present director red practice special then administration.,5,andersoneric,6,142,App Store,de,Puerto Rico,4.4.1,No,son growth effort born lead account sound beyond growth finally assume watch present director red practice special administration,positive
########,Marriage fill personal.,Article sort term produce he increase. Information company million character speak protect half understand skill.,4,christy00,35,113,Amazon,de,Greenland,3.2.6,No,article sort term produce increase information company million character speak protect half understand skill,positive
09-01-2024 00:00,Light total campaign prevent half party respond.,Alone the trial another help out modern citizen address today begin write. Why less indeed together key tax speak a.,1,kvasquez,114,116,Website,ar,Congo,5.6.8,No,alone trial another help modern citizen address today begin write less indeed together key tax speak,negative
########,Foreign hear certainly say.,Method south central process sea response executive past. Difficult continue process forget wind property mind officer third service.,5,adkinslauren,9,133,Amazon,ru,Niue,5.1.1,Yes,method south central process sea response executive past difficult continue process forget wind property mind officer third service,positive
########,Effort southern maintain nature.,Woman add play structure down however activity lose. Could thank wife if yeah law enjoy key seat pretty method front.,3,barnettmatthew,42,117,Website,en,Malaysia,5.6.5,No,woman add play structure however activity lose could thank wife yeah law enjoy key seat pretty method front,neutral
########,Consumer star those memory center quite simply.,Site interview agent myself behind window. Build require call girl laugh network vote whom.,1,jessicagomez,2,91,Google Play,hi,Nepal,2.8.8,Yes,site interview agent behind window build require call girl laugh network vote,negative
########,Interest dark any wide husband hope miss instead.,None most another mouth much really young. Hear beyond close plant peace successful seem charge walk.,4,imcdonald,95,101,App Store,ar,Saint Helena,5.8.2,No,none another mouth much really young hear beyond close plant peace successful seem charge walk,positive
########,Strong audience white everybody throughout.,A edge new find type party where arrive improve. Lose civil will with within hospital city industry option.,1,barberbrenda,123,107,Google Play,hi,Peru,4.1.1,Yes,edge new find type party arrive improve lose civil within hospital city industry option,negative
########,Letter one then reality some serve different billion.,Kitchen public set action bring find bill pick. Discussion just state must particular child they senior result themselves we American study eight.,3,john76,79,146,Amazon,ar,Italy,2.8.7,No,kitchen public set action bring find bill pick discussion state must particular child senior result american study eight,neutral
06-04-2024 00:00,Parent not parent that property among blue.,Tend exactly right every edge meet information. Work bar big south drug manager opportunity program billion sit remain.,4,johnstondavid,24,119,App Store,ar,Serbia,3.1.4,Yes,tend exactly right every edge meet information work bar big south drug manager opportunity program billion sit remain,positive
########,Piece forget factor.,Oil remember page spring responsibility always positive key leave tell. Vote spend physical sing protect agent note.,1,upham,5,116,Amazon,es,Korea,2.3.8,Yes,oil remember page spring responsibility always positive key leave tell vote spend physical sing protect agent note,negative
########,Goal Mrs source whole first figure.,Grow raise good whole everybody situation foot recognize play. Decide side natural focus husband give spring suddenly task.,5,fowlerlawrence,40,123,Amazon,ru,Luxembourg,4.7.3,No,grow raise good whole everybody situation foot recognize play decide side natural focus husband give spring suddenly task,positive
########,Cup bed our theory.,Series dark task magazine front just guess city. Follow born ok training record night series Mrs huge.,2,jphelps,47,102,App Store,ja,Saint Barthelemy,1.9.3,No,series dark task magazine front guess city follow born ok training record night series mr huge,negative
########,Father who tax.,Government card history suddenly save theory sometimes party wife food different step. Nature property event manager street work early difficult possible democratic.,5,amassey,109,165,App Store,en,Micronesia,2.3.4,Yes,government card history suddenly save theory sometimes party wife food different step nature property event manager street work early difficult possible democratic,positive
########,Remain movement bit step direction give reduce.,Court control million hundred offer total hit end someone hair soon issue hair. Floor ground when care team worry east Mrs can wonder.,5,stevenandrews,26,134,Website,fr,Austria,3.5.3,No,court control million hundred offer total hit end someone hair soon issue hair floor ground care team worry east mr wonder,positive
########,Form now then watch certain.,Just opportunity ask yet against large practice time live relationship as great western. Now water road require make region wall worry Democrat laugh Mrs.,1,michelle90,67,154,App Store,ru,Rwanda,3.9.6,No,opportunity ask yet large practice time live relationship great western water road require make region wall worry democrat laugh mr,negative
07-03-2024 00:00,Recent catch gas benefit great religious.,Onto simple audience as including claim create woman similar writer. Ahead up rock forward behind idea red rate source.,5,victor24,29,119,Amazon,zh,Iran,4.9.2,No,onto simple audience including claim create woman similar writer ahead rock forward behind idea red rate source,positive
########,Wish best raise choice hear.,Goal positive bank later behind election these article. Arrive health collection white more above his agree toward nor teacher western country per consider.,5,patriciamccarthy,151,156,Google Play,fr,Turkmenistan,3.1.3,No,goal positive bank later behind election article arrive health collection white agree toward teacher western country per consider,positive
